{
  "rooms": [
    {
      "id": "9d164330-e59d-4ba6-a0fb-3f1f5a3cd749",
      "name": "Тестовая ремзона",
      "width": 24,
      "height": 4,
      "depth": 10,
      "cameras": [
        {
          "id": "0d400f0a-e052-45c4-9bda-66c8883b63ec",
          "name": "Камера 1",
          "position": {
            "x": 24,
            "y": 3.947923495755528,
            "z": 6.109969582952396
          },
          "rotation": {
            "yaw": 220,
            "pitch": 20,
            "roll": 0
          },
          "fov": 90,
          "resolution": {
            "width": 1920,
            "height": 1080
          },
          "rtspCameraId": "cam08",
          "zones2d": [
            {
              "zoneId": "custom_1774850296487",
              "zoneName": "Подьемник 1",
              "color": "#22c55e",
              "rect": {
                "x": 1254.400146484375,
                "y": 28.017803192138672,
                "w": 595.199951171875,
                "h": 571.7333564758301
              }
            }
          ]
        },
        {
          "id": "13f76ec3-4c27-4d8e-8a2b-f4614af69b26",
          "name": "Камера 2",
          "position": {
            "x": 23.489693941608206,
            "y": 3.946498840892729,
            "z": 1.0833115833737228
          },
          "rotation": {
            "yaw": 290,
            "pitch": 15,
            "roll": 0
          },
          "fov": 70,
          "resolution": {
            "width": 1920,
            "height": 1080
          },
          "rtspCameraId": "cam07"
        },
        {
          "id": "755e4cad-6f42-44f4-bcbf-f66b54ec980b",
          "name": "Камера 03",
          "position": {
            "x": 8.146131573991234,
            "y": 3.976024523718226,
            "z": 5.430415665499749
          },
          "rotation": {
            "yaw": 45,
            "pitch": 15,
            "roll": 0
          },
          "fov": 90,
          "resolution": {
            "width": 1920,
            "height": 1080
          },
          "rtspCameraId": "cam06"
        },
        {
          "id": "fc68ab9e-c536-412c-8fd8-77fd3f20b617",
          "name": "Камера 04",
          "position": {
            "x": 6.220099305440765,
            "y": 4,
            "z": 6.344773196384851
          },
          "rotation": {
            "yaw": 270,
            "pitch": 15,
            "roll": 0
          },
          "fov": 90,
          "resolution": {
            "width": 1920,
            "height": 1080
          },
          "rtspCameraId": "cam03",
          "zones2d": [
            {
              "zoneId": "dfa30e1f-6e34-4786-bf51-8d90ca86a5f4",
              "zoneName": "Пост развал-схождение",
              "color": "#2ec27e",
              "rect": {
                "x": 11.163312988281291,
                "y": 26.399938964843727,
                "w": 542.8966748046874,
                "h": 955.3367114257813
              }
            }
          ]
        }
      ],
      "zones": [
        {
          "id": "3670ccc7-fdaa-44fc-bd5e-ab13e75e3676",
          "name": "Подьемник 1",
          "position": {
            "x": 19.27696127386404,
            "y": 0,
            "z": 1.3124186792655084
          },
          "size": {
            "width": 2,
            "height": 2,
            "depth": 2
          },
          "color": "#22c55e"
        },
        {
          "id": "dde77f18-66a0-41ba-a7f2-311c8a5c2fda",
          "name": "Подьемник 2",
          "position": {
            "x": 15.81882174388701,
            "y": 0,
            "z": 6.672031850348057
          },
          "size": {
            "width": 2,
            "height": 2,
            "depth": 2
          },
          "color": "#22c55e"
        },
        {
          "id": "6fe59c47-a0a8-4bfc-9fd1-b4b527a3d90a",
          "name": "Прочие работы",
          "position": {
            "x": 12.883463879877644,
            "y": 0,
            "z": 6.665226568312236
          },
          "size": {
            "width": 2,
            "height": 2,
            "depth": 2
          },
          "color": "#22c55e"
        },
        {
          "id": "d489839b-6570-4b69-8ddd-422c42108421",
          "name": "Стоянка",
          "position": {
            "x": 8.183244586577507,
            "y": 0,
            "z": 6.755169020085853
          },
          "size": {
            "width": 4,
            "height": 2,
            "depth": 2
          },
          "color": "#2ec27e"
        },
        {
          "id": "7cfadbd6-08a1-4a40-b101-bfa5d57f803e",
          "name": "Подьемник 3",
          "position": {
            "x": 10.92260668535241,
            "y": 0,
            "z": 1.4256002157668681
          },
          "size": {
            "width": 4,
            "height": 2,
            "depth": 2
          },
          "color": "#22c55e"
        },
        {
          "id": "dfa30e1f-6e34-4786-bf51-8d90ca86a5f4",
          "name": "Пост развал-схождение",
          "position": {
            "x": 0.903713472527329,
            "y": 0,
            "z": 6.690787356067096
          },
          "size": {
            "width": 2,
            "height": 2,
            "depth": 2
          },
          "color": "#2ec27e"
        }
      ],
      "segments": [
        {
          "id": "seg_1774848114619",
          "name": "Segment 1",
          "position": {
            "x": 0,
            "y": 0,
            "z": 10
          },
          "size": {
            "width": 10,
            "height": 4,
            "depth": 10
          }
        }
      ]
    }
  ]
}